Mood,Title,Content
relax,小駱駝與媽媽的對話,"小駱駝：「為什麼我的眼睫毛這麼長？」媽媽：『沙漠風沙很大，能保護眼睛。』「那為什麼我的腳那麼大？」『大大的腳能使你不陷入沙漠中。』「為什麼我有這麼大的駝峰？」『在沙漠中行走時，駝峰里儲存了足夠的水讓你能長時間行走。』「那為什麼我們會在動物園？」"
relax,要憋50年,"小明在上歷史課老師：「說起這�堙A就要從50年前說起」小明：「老師，我想上廁所」老師：「你能不能憋一會兒」小明：「我總不能憋50年吧」"
happy,笑一個,"有一天在學校，老師問同學:你們知道位甚麼人死後全身會冰冰冷冷的。過了很久只聽到一個同學默默的說""心靜自然涼""老師:........"
relax,冷.........,"在很久以前,有一個很冷的房子,裡面住著一個很冷的人........."
happy,1+1,"有一天，老師問小明1+1=?，小明說不知道，老師叫他回去問媽媽。小明回家就問媽媽，媽媽正在煮飯，叫小明""滾""；去問爸爸，爸爸在看棒球比賽，大叫""爽""；去問姊姊，姊姊在唱歌，唱到baby-baby;去問哥哥，哥哥在講電話，說到""有什麼話，踹共""。隔天，老師問小明，1+1=?，小明說：滾。老師大聲喝斥小明，小明大叫爽，老師罵小明飯桶，小明反而回答""baby-baby""(卑鄙),老師叫小明滾，小明卻說有甚麼話，踹共。老師當場血壓爆升暈倒了!!!!!!!!!"
relax,笑一個,"有一天，小明回家時的路上經過小華他們家小明就說；「他們家好窄。」回到家小明就跟他媽媽說：「媽媽!媽媽!我今天經過小華他們家你知道他們家怎樣嗎....」媽媽說：「不知道..」小明說：「他們家好窄」媽媽就聽成是豪宅媽媽又說：「他們家是豪宅???」小明說：「不是啦!!我說他們家""好窄""~~」"
happy,空空的,"小芬:[老師我肚子痛!]老師:[那去保健室擦藥吧!]小美:[不用擦藥啦!一定是她沒吃早餐肚子空空的在作怪!]小明:[老師我頭痛!]小芬:[那小明就是頭腦空空在作怪瞜!]老師:[無言中。]"
relax,熊貓的願望,"小臺和小彎兩人在玩猜謎。小臺:你知道熊貓最大的願望是什麼嗎?小彎:吃竹子吃到飽。小臺:錯!是拍一張彩色照片."
happy,小名的媽媽,"小名的媽媽生了3個孩子,老大叫大寶.老二叫二寶請問老三叫什麼..........再往下..........快到了.............猜對了嗎...........答案是小名因為小名的媽媽生3個孩子沒講到小名"
relax,小白兔復仇記,"有一隻剛練成魔法的青蛙，想試試看自己的魔法有沒有練成，決定讓自己第一眼看到的動物許三個願望。　　青蛙走進森林，就看到有一隻熊在追一隻小白兔，青蛙說:「停停停，你們兩個是我第一眼看到的動物，所以，我讓你們各許三個願望。」　　熊就貪心的說了:「我希望這座森林裡的熊，全都變成母的!除了我以外。」「噹!」的一聲，熊的願望就實現了。　　換小白兔許願了，他說:「我要一台摩托車。」「噹!」的一聲，小白兔的願望就實現了。　　熊開心的說:「我希望附近森林裡的熊，全都變成母的!除了我以外。」「噹!」的一聲，熊的願望就實現了。　　小白兔冷靜地說「我要一頂安全帽。」「噹!」的一聲，小白兔的願望就實現了。　　熊要許最後一個願望了，他說:「哈哈哈哈!!!我希望全世界的熊，全都變成母的!除了我以外。」「噹!」的一聲，熊的願望就實現了。　　該換小白兔許願了，小白兔會許什麼願望呢?只見小白兔帶上安全帽，發動摩托車，說:「我希望他是Gay。」(Gay:男同性戀)"
happy,護士與阿伯,"小護士：「阿伯你好，我是‥互你死(護理系)的學生，這是互你虧(護理科)的學妹。」阿伯：「…我咧…！」小護士：「我互你死畢業之後，就是互你ㄙㄞ(護理師)了。」有一天小護士見到阿伯氣喘不過來，急忙拿來氧氣罩‥小護士：「阿伯，我知道你很難過，我互你勇氣(氧氣)，死死ㄝ(吸一吸)卡快活。」又有一天阿伯病危被送入手術室，阿伯的老伴急忙趕到醫院。阿婆：「護士小姐，我老伴呢？」護士指著手術室說：「剛剛埋ㄉㄞˊ(抬)進去了。」阿婆：「老伴…嗚…」小護士：「你不用傷心啦，待會妳可以到隔壁棺材室(觀察室)去看他了」......真是夠了"
relax,那一定是別人幹的,"一個八十歲的老人去做健康檢查。檢查途中，老人不斷向醫生炫耀他新婚的妻子多好多好。“他才二十五歲！”老人叫道，“我們結婚四個月，你知道她對我有多忠誠，她無時無刻不需要我，粘我粘到我都感到厭煩了！”“而且，”老人又說，“告訴你，她最近懷孕了！”醫生靜靜地聽著，一言不發，“怎麼樣？”老人得意洋洋地說，“不錯罷？”醫生抬起頭，看了他一眼。“這讓我想起一位失散多年的朋友。他跟我說過一個故事，是他在非洲狩獵時遇上的事。當時他在草原上遇到一頭獅子，他立刻從背上抓下槍來瞄準。然而，他立刻發現他錯了，他拿到的是雨傘，不是槍。這時已經太遲，獅子正站在他面前，就要撲過來，他只好把雨傘扛在肩上，使盡吃奶的力氣‘砰砰砰’大叫三聲，奇跡發生了，那獅子竟然倒下死掉啦。”“狗屎，這怎麼可能”老人大叫，“那一定是別人幹的！”“我也這麼認為”醫生說....."
happy,笑一個,"「廖淑芬...60分！妳呀，不是名字叫起來像60分就可以考60分啊？！」老師不悅地說.........。「伍淑芬...50分！妳呀！比廖淑芬還不如！」老師依舊忿忿然地說著....！接著，老師以更生氣的語調發著下一張考卷：「柯淑芬(台語)...10分！喔，妳也一樣！名字叫起來像10分妳就給我考10分？！」這時...「啊！我完了...」柯淑芬的妹妹心中開始暗叫不妙................老師嘆口氣，很無奈的發著第三張：「不是我在說你們這對姊妹實在是太不像話了....」「柯玲芬(台語).....0分！」老師搖搖頭道：「妳們兩姐姐應該向妳們哥哥好好看齊，他總是滿分！妳們倆不要老是考那樣的成績......！」柯淑芬和柯玲芬兩姐妹心裡暗罵：「都嘛是爸媽.....把哥哥的名字，取.............................................柯吉霸！！！！！」"
happy,"哦,你吃煙!我記你大過!(A)","老師有一天和A,B,C,D,E五名同學談話,老師先問A:你有沒有吸煙?A回答:沒有.老師說:那我請你吃薯條.A吃薯條時,像吸煙一樣中指和無名指夾著薯條,老師大喝:哦,你吃煙!我記你大過!...待續"
relax,"有錢能使鬼推磨, 沒錢別想早退休","當一個人除了退休金之外再沒有其他事的時候，他就會特別拚命保護退休金……政府沒有錢，有些老師要退休，退不成。當然很多老師心中，為教育犧牲是件美好的事，只要不是要他犧牲就好。殺死一個人的父母，他會忘記；搶走一個人的錢財，他會恨你到底。當一個人除了退休金之外再沒有其他事的時候，他就會特別拚命保護退休金。所以，我贊成不惜任何代價都要讓拚退休的老師退休，否則教改會出現新的狀況。上課鈴響後十分鐘，老師慢慢走進教室，對學生們說：「大家安靜，這堂課我們先上數學。注意聽好，如果老師有一百萬退休金，政府取消18%優惠利率，政府一年A走多少錢？」「十八萬。」「答對了，一個蟠龍花瓶六千塊，十八萬可以買幾個蟠龍花瓶？」「三十個。」「老師，答案應該是零。」唐一貝站起來說。「為什麼？」「因為買不到。」「正確答案，下一題。一個老師一個月領六萬四千塊，退休後一個月領七萬兩千塊，如果政府不准他退休，他每個月被政府搶走多少錢？」一個小朋友舉手，站起來說：「八千塊。」「答對了。如果老師申請退休，政府拖了一年沒有回答，這樣老師被政府騙走多少錢？」「九萬六千塊。」小朋友說。「答對了。但運算的過程比答案重要。黃小村，你是怎麼算的？」「八千加八千等於一萬六，一萬六加八千等於兩萬四，兩萬四加八千等於三萬二，三萬二加八千等於……」「停，這樣算要算到哪一年老師才能退休？我教你快的方法，你應該用八千乘以十二，八二十六，留六進一，八一得八，加上進一等於九，所以是九萬六千塊。」「老師，我有更快的方法，把十二分成十和二，八千加個零就是八萬，把八萬加一萬六就等於九萬六。」「史小英，你那麼厲害，你來做老師好啦，讓老師退休嘛！」全班小朋友像上了封的酒瓶，一絲氣也不敢透。「好，現在來上物理。什麼樣的酒在打開瓶塞的時候最大聲？」「香檳。」「對，為什麼？」「因為裡面有氣。」「對，當瓶塞要離開酒瓶的時候，酒瓶裡氣越多，爆發力就越大。懂嗎？」「懂。」「很好，現在來上國文。今天學對對聯，我出上聯，你們對下聯，而且要押韻。聽好，題目是：有錢，能使鬼推磨。」「沒錢，別想早退休。」「好，下一題：在艱困中成長的人有最美好的理想。」「在不景氣退休的人有最快樂的希望。」「很好，再來。人醜，不要怨父母。」「命苦，就去罵政府。」「不錯，現在來上社會。如果政府不讓你退休，罵政府也沒有用，怎麼辦？」「上街頭。」「上哪一條街最有用？」「凱達格蘭大道。」「什麼時候上街頭最有用？」「越接近選舉的時候最有用。」「如果上街頭也沒有用呢？」「罷工。」「人人都有罷工權嗎？」「不，軍人、公務員、教師不能罷工。」「為什麼教師不能罷工？」「……」沒有人吭聲。「注意，今天的家庭作業是：每個人寫一封E-mail去阿扁電子報，問阿扁總統為什麼教師不能罷工？好，下課。」「報告老師，下課的鈴聲還沒響。」「我問你們，蓮花不開怎麼辦？」「不知道。」「蓮花不開等它開，月亮不圓等它圓，老賊不死等他死，鈴聲不響怎麼樣？」「等它響。」全班一起回答。"
happy,登月球,"小明問他爸爸:爸爸,人類為啥要千方百計登上月球?父親不以為然的說:因為月球上面有個美女叫嫦娥....."
relax,由於的造句,"有一天,老師發了考卷要大家練習造句,在由於那句中,小情造了:由於爸爸上班時吃魷魚絲,所以就被老闆炒魷魚了!"
happy,抽一支。,"某公患有心臟病，醫生勸他戒煙，並且說，如果不能一下子戒掉，可以先改成每天飯後抽一支。一月後，他又去看醫生，醫生檢查後發現他又有了胃病，大惑不解，問：“這是怎麼回事？”──“可能是因為我為了遵守您飯後一支煙的建議，每天吃飯次數過多而且不規律吧...”"
happy,小明,"有一天小明的爺爺生病了,小明寫信給爺爺,信的內寫著:爺爺聽說您生病了(病不會寫打一個O),千萬不要下床喔(床不會寫打一O),我會帶玩具飛機給您玩(機不會寫打一個O),還會請您吃炸雞(雞不會寫打一個O)愛您的王小明(小寫成八,明不會寫打一個O)爺爺看了很生氣大大把小明不會寫的字念成""蛋""希望大大能投我一票"
relax,yeah,"一般老師在點名的時候，同學會答「有！」可是有一天......老師：蔡小明同學：Yeah!!老師覺得很奇怪，為什麼這個同學和大家不一樣？於是又再叫他的名字老師：蔡小明同學：Yeah!老師火大了，便把那同學叫了起來，問他為何和大家不同？同學回答道：老師，我姓葉\！老師：...........................雞同鴨講咩~~"
happy,把大象放進冰箱裡………,"把大象放進冰箱裡怎麼放？打開冰箱門把大象放進去關上冰箱門把長頸鹿放進冰箱裡怎麼放？打開冰箱門把大象拿出來把長頸鹿放進去關上冰箱門獅子王在開會，有一個動物很大膽沒來，是甚麼動物？長頸鹿因為牠在冰箱裡"
relax,在那裡,"上地理課時,教員問學生:「湖南省在哪裡?誰曉得?」小華連忙站起來,指著掛在牆壁上的地圖說:「在那幅地圖上!」"
relax,對不起，發錯了！,"女友發短信給我：“我懷孕了！明天帶我去醫院！！”　　過一會，我又收到：“對不起，發錯了！！”　　我：？？？……"
relax,不救好棒棒?!(就?!),"有三個人，他們是朋友，一個叫做""好美麗""；一個叫做""好帥氣""；一個叫做""好棒棒""。一天，他們三人去海邊玩，大浪來了把他們全沖走，只有好帥氣會游泳。好帥氣救了好美麗。好美麗一上岸就說:【啊不救好棒棒?!!!】"
happy,國語嘛會通,"老阿嬤決定身體力行[活到老,學到老]這句話,向英文挑戰o好不容易學會了26個英文字母,高興的跑到大街上,準備現學現賣o阿嬤抓了個外國人,振振有辭,一遍又一遍的念著:[ABCD......]外國人不明白阿嬤的用意,抓了抓頭,決定有樣學樣,開始大聲的念:[ㄅㄆㄇㄈ......]o"
relax,說錯話的記者,"話說國內某電視台美艷女記者H姬,有一次採訪一個大規模的智障兒童園遊會新聞,當H姬拿起麥克風,整理好儀容,對著電視攝影機抓住一位智障兒童訪問說:小朋友,今天你開不開心?這位智障兒很興奮地點點頭,H姬接著又問說:小朋友,請問你知不知道今天來這裡參加什麼活動?這位智障兒顯然有些不悅,他用不太清晰但非常肯定的口吻回答H姬說:你智障啊!不會自己看標語!"
happy,老闆的堅持,有一天，貨運公司的阿龍正在用電腦打報表。不太會用電腦的老闆走到他身旁，一看到電腦螢幕之後便搖著頭說：「阿龍啊，不是我要說你，雖然電腦是我批准買給你的，但你也不能把它占為己有嘛！」於是，在老闆的要求下，阿龍很無奈的，只好把電腦「桌面」上的「我的電腦」的圖示改成「公司的電腦」！
happy,神豬!!!!!,"有一隻豬越養越肥了!他的主人帶她到山中放生，大神豬卻一度的回到豬圈中!主人耐不住性子，決定帶他致幽深山中放生，沒多久....他的妻子接到了男主人的電話.....妻子:[?????]男主人:[豬回到家中了嗎?]妻子:[到家了啊!怎麼???]男主人:[叫他來接電話...因為...我迷路了...]"
relax,比那一條長.....,"有一天,甲乙丙這三人在比那一條.....甲說:我的那一條長5公分乙說:我的那一條長10公分丙說:我的那一條只有3公分甲和乙都大笑了起來...但丙說:離地面3公分..."
happy,狗之,"有一次我看到便利商店的人要買果汁但是他是外國人所以他說成:狗肉讓狗之更好喝其實他是說果汁"
relax,各種大便,"有一天，狗大便去旅行，他看到一陀好大的大便，就問他說：大大便呀大大便，你為什麼那麼大呢？大大便就說：因為我是牛的大便阿！狗大便又遇到一個小大便，他就問說：小大便呀小大便，你為什麼那麼小呢？小大便就說：因為我是鳥的大便阿！狗大便有走呀走，他又遇到一個白大便，就問：白大便呀白大便，你為什麼那麼白呢？白大便就很生氣的說：笨蛋！白吃！我才不是大便ㄌㄟˇ............我是霜淇澪"
relax,老師遲到,一天早上，數學老師很晚才起床，匆匆忙忙的趕到學校，慶幸的是校長沒有在檢查，就飛快的跑到教室裡，學生們已經坐在座位上等了，老師抱歉的說：同學們，作為一個老師竟然遲到了，對不起，我沒有資格享受大家的敬禮，今天就不用叫老師好了。數學課代表說：不，知道錯的老師才是好老師，才有資格讓我們敬禮，我們一定要叫。同學們，起立。于是同學們以很高的聲音叫道：老師好。數學老師:完了，這下校長一定知道我遲到了。
happy,蔡葉小明??,"有一天...老師在點名...剛好點到小明老師:蔡小明....小明:耶!!!!老師很生氣的把小明叫起來!!!說=你幹麻說耶呢?小明說:因為我姓(葉)阿!!!全班大笑落幕......"
relax,半價優特,"謝老闆:[我要一張半票。]售票員:[不行，你又不是小孩，應該買票。]謝老闆{不，我只用一隻眼看啊!另一隻眼瞎了，所以應該半票優待。]"
happy,不停板橋站,"一位住在板橋的小姐，上了自強號列車後，才發現板橋站不停，因此她向列車長苦苦哀求在板橋站停車，但列車長表示不能違規停車，只能在板橋站時放慢速度，讓她跳下去。結果到了板橋站，火車果然以極慢的速度緩緩進站，這位小姐便奮力往下一跳，但由於慣性運動的關係，因此她跳下車後仍一邊跑一邊目送火車緩緩離去．．．．．．．．．此時，有人突然從她背後用力一提，又把她給拉上車來，並笑著對她說：「小姐，妳運氣真好，這班車是不停板橋站的，幸好遇到我把妳拉上來．．．．．．．」"
relax,焚書坑儒,"有一天小寶在上歷史課，聽到老師在講秦始皇的暴政－焚書坑儒，就擺出一臉大便臉的樣子，正巧被老師看到，就問：「小寶，誰惹到你啦？」小寶對曰：「秦始皇！」老師問：「為什麼呢？」小寶曰：「因為他沒把書燒完！」"
happy,題目不難,"今天小華考試回來媽媽問:今天題目難不難啊小華說:題目不難啊媽媽說:那你因該考的很好囉!小華說:對呀~!題目不難可是答案很難...媽媽:......"
happy,吃中餐,"有一天有一個外國人去吃中餐,可是那位外國人只看得懂直的看不懂橫的,結果那家店寫橫的,餐點是這樣寫的牛肉麵大滷麵便當,結果那位外國人就說我要牛大便然後老闆就說牛的大便嗎?我們沒有這種東西,然後外國人就說肉滷當,接下來老闆就說我們沒有這種東西,外國人又說麵麵,老闆問他什麼麵?外國人說麵麵,老闆問他什麼麵?外國人說麵麵......"
relax,馬不及鴨,有一天，有一位紳士騎著馬想要渡河，於是他就問旁邊的小孩:請問這條河淺嗎?，小孩就說:很淺，誰知道到了河中間馬就淹死了，紳士又游回岸邊。問小孩說:你為什麼要騙我?，小孩又說:我沒騙你呀，你的馬這麼高大，我家的鴨子都能游到對岸了，誰知道你的馬這麼不重用，馬不及鴨子。
happy,聖誕節,"有一天，小名的爸爸放了屁，媽媽說:[好臭，是誰放的屁!]一直沒人回應，直到媽媽問:[小名是你放的屁嗎?]小名說:[不是，是聖誕節放的屁。]爸爸的名字叫聖誕節"
relax,阿伯吃飯趣,"阿伯和朋友到餐廳吃飯…上了五、六道菜後，阿伯招來服務生：「小姐，口不口以“換鮮奶”？」服務生：「先生，很抱歉喔！本餐廳沒有鮮奶。」阿伯：「不素啦！小姐，偶素梭，口不口以“換鮮奶”？」服務生：「先生，很抱歉，我說過本餐廳沒有供應鮮奶。」阿伯氣極了：「偶梭，口不口以“換鮮奶”！」服務生也不耐煩了：「先生，超市才有賣鮮奶，我們沒有鮮奶！」阿伯火冒三丈，桌子一拍，說道：「換，沒有鮮奶〈飯，沒有先來〉，怎麼吃菜啊？…"
relax,你們聊我先走了,"有一天.綠頭鴨說:[媽媽叫我小鴨鴨~]迷你豬說:[媽媽叫我小豬豬~]小火雞說:[你們聊我先走了~].....貓頭鷹說:[爸爸叫我小鷹鷹......]白鷺鷥說:[爸爸叫我小鷥鷥......]小翠鳥說:[你們聊我先走了......].....投個非常爆笑吧.先生女士們~"
happy,電腦老師,"有一天，悅玲的爸爸問悅玲﹕在學校你最喜歡的課是什麼?對於小學三年級的悅玲，嗯…….應該電腦吧!因為爸爸是電腦工程師，很高興女兒會這又想!過一會兒~…….悅玲又說：因為電腦老師常常請假!哈哈!"
happy,會聽人話的大象,一天，有一個富翁養著一隻會聽人話的大象，今天是富翁生日，於是他請了他的親朋好友來參加，大家聊著聊著，富翁就說：「我要辦一個活動！」把大家帶到游泳池邊，他就說：「誰能夠把大象用到池裡去，我就給他一百萬。」大家又推又擠，也沒有成功。於是又一個窮小子走了過來，他就說：「是不是不管用什麼方法，只要把牠推進泳池內，就可以得到一百萬？」富翁點了點頭，那個窮小子立刻跑到大象的旁邊，抓牠的蛋蛋，大象一跳，就跳進游泳池了，富翁就只好給窮小子一百萬了，明年富翁生日，也舉辦同樣的活動，但富翁說：「我先說好，不可以傷害我的大象。」那個窮小子又來了，他又跑到大象身邊，說：你想像上次一樣嗎？大象搖了搖頭，窮小子又說：那你自己跳下去吧！
happy,社會問答,"社會老師問:[八國聯軍是哪八國!]甲同學馬上回答:[俄~德~法~美~日~奧~義~英!]老師大悅,說:[很好,你很用功.]甲同學:[簡單嘛!餓的話,美日熬一鷹嘛!]"
relax,赤壁之戰,"你知道為何赤璧之戰為何曹軍大敗嗎??話說大戰之前...兩軍對峙...帶頭的總會互相喊話叫陣一番，蜀軍方面當然是咱頂頂大名的諸葛孔明上陣，曹軍則是蔣幹和曹操。孔明：「幹，你娘好嗎？」蔣幹只能摸摸鼻子說：「好....好」曹營士兵聽到對方這樣罵自己主將...而主將卻這樣回答士氣當下去了大半曹操一看覺得情況不妙....只好斥退蔣幹自己上陣結果...孔明：「操，你全家好嗎？」曹操含恨說道：「好....很好」曹營士兵一聽....連僅剩的士氣都蕩然無存了所以赤壁之戰曹軍大敗..從此天下三分..--〔Origin:蕃薯藤網托邦〕"
happy,（冷笑話）不和邏輯,"有一天，有一隻小企鵝&#128039;，牠打開冰箱說：「好冷喔（；卅&#12455;卅）」*&#65381;&#12444;&#65439;&#65381;*:.&#65377;..&#65377;.:*&#65381;(*&#65439;▽&#65439;*)&#65381;*:.&#65377;..&#65377;.:*&#65381;&#12444;&#65439;&#65381;*"
relax,懶漢哲學,"有個懶漢，他想找世界上最輕鬆的工作。友人介紹他去看守公墓，並對他說：世界上再也沒有比這更輕鬆的工作了！但是，懶漢去了兩天就回來了，他埋怨的說：我不做了，一點都不公平，他們躺著，只有我坐著。"
relax,門鈴,"今天大明和小吳去酒店大明:我隔壁超煩的每天晚上都跑來按鈴小吳:那你有去告她嗎大明:沒有ㄟ小吳:你的品行真好大明:那還不簡單我把它當神經病繼續談我的琴就好了(下有解釋)因為大明的琴彈的太爛ㄌ所以隔壁才跑來按門鈴"
relax,落跑,"在監獄裡,幾個囚犯正在聊天某1:ㄟ!你們想不想逃獄?某2:當然想某3:你們當初是怎麼進來的?某1:我是因為有一次在偷東西時,被一個變態追殺,跑著跑著,就進來了某2:有一次我在閒晃,看到一個人在偷東西,為伸張正義,於是我就追殺他,追到警察局時,被那個小偷說我是變態,於是我就被關進來了某3:原本我是個警察,有一次因為一個小偷被一個變態追殺,我把那個變態也一起關進來,卻被檢舉抗議,所以我也被關進來了某123:........."
relax,開除司機,有一天老闆叫店員開除濕機隔天老闆問店員:我的司機有要來嗎？店員說你不是要我“開除司機”
relax,作弊,"有一天，小明和小華在考完試後的下課時間互相討論~小明：你這次考試考的如何？小華：我交白卷小明：我也是耶，這樣老師會不會覺得我們有作弊？小華：搞不好喔，而且我不知道姓名怎麼寫，只好抄你的名字..."
relax,豬,"從前有一隻豬口頭禪是為甚麼~我:妳知道為什麼嗎?朋友:為什麼?我:因為妳是豬阿=="
happy,閱報即知,"「媽媽,伊莉莎白女皇怎會知道自己快生孩子了呢?」10歲的女孩問母親還來不及回答,5歲的小女兒搶先得意的說:「他又不是不識字,報紙上不是早就登了這個消息嗎?」"
relax,醫院風雲,"有一些醫生大夜班的時候都會看到一個穿白色衣服的人在飄來飄去,有一天有一位新來的醫生這次輪到他大夜班他也看到一個穿白色衣服的人飄來飄去,隔天醫院的公佈欄上寫請護士晚上不要溜滑板車."
happy,兩姓聯姻,"有意思的兩姓聯姻姓「施」的嫁給姓「江」的變「僵屍」；姓「劉」的嫁給姓「夏」的變「下流」；姓「賴」的嫁給姓「吳」的變「無賴」；姓「侯」的嫁給姓「袁」的變「猿猴」；姓「巴」的嫁給姓「王」的變「王八」；姓「駱」的嫁給姓「惠」的變「賄賂」；姓「應」的嫁給姓「劉」的變「流鶯」；姓「郎」的嫁給姓「牛」的變「牛郎」；姓「余」的嫁給姓「金」的變「金魚」；姓「江」的嫁給姓「常」的變「長江」；姓「何」的嫁給姓「黃」的變「黃河」；姓「毛」的嫁給姓「應」的變「陰毛」；姓「毛」的嫁給姓「朱」的變「豬毛」；姓「莊」的嫁給姓「連」的變「連莊」；姓「施」的嫁給姓「蕭」的變「消失」；姓「黃」的嫁給姓「劉」的變「硫黃」；姓「鐘」的嫁給姓「宋」的變「送終」；姓「王」的嫁給姓「鄭」的變「陣亡」；姓「郎」的嫁給姓「張」的變「蟑螂」；姓「畢」的嫁給姓「何」的變「何必」；姓「藍」的嫁給姓「白」的變「白濫」；姓「錢」的嫁給姓「蘇」的變「輸錢」；姓「辜」的嫁給姓「貢」的變「摃龜」；姓「賈」的嫁給姓「甄」的變「真假」；姓「花」的嫁給姓「蔡」的變「菜花」；姓「皮」的嫁給姓「賴」的變「賴皮」；姓「謝」的嫁給姓「傅」的變「腹瀉」；姓「皮」的嫁給姓「包」的變「包皮」；姓「柳」的嫁給姓「花」的變「花柳」；姓「余」的嫁給姓「郭」的，離了婚或丈夫死了再嫁給姓「吳」的就成了「吳郭魚」。"
happy,兔子吃蘿蔔,"有一隻兔子，到便利商店買蘿蔔，她問「老闆，請問有賣蘿蔔嗎？」老闆說「沒有」，於是兔子就跳走了。隔天，兔子又到便利商店，問「老闆，有賣蘿蔔嗎？」老闆有點生氣的說「沒有！」。隔天，兔子又跑來，問「老闆，有賣蘿蔔嗎？」老闆不高興了，說「沒有！你在問，我就把你的耳朵剪掉！」。沒想到，隔天，兔子又到便利商店，問「老闆，請問有剪刀嗎？」老闆「沒有」兔子就說「那....老闆，有賣蘿蔔嗎？」老闆：......"
happy,小紅五十,"我說個笑話給大家聽考上大學後家裡幫我買了一輛可愛的小50(紅色的)但經過四年的征戰加上四年來只洗過它二次因此大四那年變成很破的小爛車而且顏色也由原本的紅色變成很嘔心的豬肝色好了故事要開始了由於小爛車到大四已經很破了而我想能撐到畢業就要當兵了因此對待它的原則是『克勤克儉』能不花錢絕不破費只要能動就絕不維修因此整台車能壞的大概都已經壞了能脫落的也大概脫落光了儀表板從大二就沒動過了加油全憑感覺根本不知道甚麼時候會在路邊『顧路』最褲的是我的座墊從大三就壞了沒辦法上鎖就算了下雨還會積水所以每次下完雨我的置物箱都會滿滿的都是水因此騎車前要先以車車的二個輪胎為支點向左或向右傾斜90度以上將水排出才可以騎事實上水不排出也沒關係有時趕時間或趕上課根本沒時間鳥它而且最神奇的是置物箱積水絕對不會漏你不左右傾斜90度它的水位絕對不會下降這讓我興起在置物箱養寵物的想法我嘗試的養了許多種生物包括金魚、泥鰍、巴西龜結果證明只有青苔及紅虫活的下來由於這二種生物都不可愛因此我在一個陽光燦爛的翹課下午判處它們死刑我將水排光(當然還是以左右傾斜90度基本法)並將椅墊(也就是置物箱的蓋子)翻起讓風吹乾置物箱由於等待期間有點長我和同學跑去美容院洗個頭但等到我們興高采烈洗完頭回去牽車車時情天霹靂的事情發生了我的椅墊和置物箱分家了!不知道是那個天殺的痞子把我的椅墊從我的車車上活生生的踹下來卡筍整個斷掉而可憐的椅墊就靜靜的躺在地上我....冷靜的把它撿起來試著把它套回它原來的位置嘿嘿好險還可以坐哈真是太爽了說也奇怪那時一點都沒有車子被破壞的鬱卒反而有一種又省了一筆錢的快感從那次以後我從置物箱拿東西或加油更方便了因為這時的倚墊就像鍋蓋一樣隨時可以完全的拿起來拿完東西或加完油再整個蓋回去超方便的加油或拿東西都不用熄火而且....我還發現一個超級優點那就是.....可以快速縮短我和女生的距離約不認識的女生第一次出去難免的會有一點的袒忑和尷尬但我只要把這個初認識的女生帶到這台車前帥氣的把鍋蓋(啊...是倚墊啦)拿起並將手中原文書重重的甩入置物箱此時再酷再冷的女生看到這��也一定會狂笑出眼淚嘿嘿尷尬解決了氣氛熱絡了真的是屢試不爽很快的......同學都知道有這樣一台『把妹霹靂車』紛紛爭先恐後的來跟我情商預借此車不僅是把妹利器更是促進交往甚久的情侶感情的神兵還有一個同學更扯每次都故意挑快沒油的時候來借因為他看上了我們學校附近加油站的『加油之花』很多人開著賓士、保時捷都沒辦法接近她但靠著這台小爛車一個月後硬是把她把回來炫耀但好景不常有一次我騎著它遠徵政大的麻將聯誼賽原本戰局應是持續到天亮但在我方嚴重失血彈盡援絕的情況下戰局只好在10點左右提前結束原以為不可能再更倒楣了但一出門我真不敢相信我的眼睛我....我的倚墊不見了我的同學用他的機車載著我在附近搜尋方圓500公尺都找遍了但就是找不到好想哭我要怎麼向同學交代這台車在不知不覺中已變成班上男生的『公共財』把它的倚墊弄丟回去一定被大家公幹在遍尋無蹤後我也只好回家但問題來了沒有倚墊的50cc達可達機車怎麼從政大騎回北投????平時有座墊都不知道座墊的舒服沒有座墊我才體認到座墊絕對是人類最偉大的發明之一坐在沒有坐墊的置物箱上就好像坐在馬桶上(屁股下都是空的)不過惟一不同的是坐在馬桶上很舒服但坐在沒有坐墊的置物箱上屁股超痛因為置物箱的邊緣很細、很硬、很鋒利有時痛到受不了就要讓屁股離開置物箱的邊緣(也就是半蹲)你絕對無法想像半蹲騎機車的痛苦(真是坐也不是，不坐也不是)尤其台北的路況不太好沒有座墊騎車真是嫌自己的屁股肉多但最痛苦的不是肉體上的痛苦而是心理上的羞愧當我放棄尋找倚墊從政大出發回北投時已經11點多了機車行已經關門了但台北街頭的機車騎士可還真不少因為沒倚墊所以你會矮一截常常騎過去的機車會減速下來看你甚至是繞回來看你等到看清楚怎麼回事大都是狂笑而去甚至有女生把車停到路邊去用力的笑更慘的是等紅綠燈時因為沒倚墊所以你要站著等(因為坐著實在粉痛)這時你會發覺四周圍一起等紅燈的人目光會集中在你身上然後等他們發現是怎麼回事時沒錯狂笑我就這樣站站停停蹲蹲坐坐騎過整個台北市第二天我毫不考慮的翹了兩節課去機車行裝椅墊不用說機車行老闆笑到不行並宣稱他修車15年第一次修到椅墊不見的車因此他給我打8折省了200元真是不幸中的大幸"
relax,遭打原因,"警察問一個被毆打的人:你能描述打你的人的樣貌嗎?那人回答:當然能,警官,我就是因為形容他的樣子而挨打的..."
happy,蜘蛛愛上了蝴蝶,"蜘蛛愛上了蝴蝶，蝴蝶卻拒絕了牠。蜘蛛問:為什麼??蝴蝶回答:我媽說，整天在網上混的都不是好人。"
happy,畜牲,"有一天，小明吵著要養狗，無論他媽說什麼他還是堅持要養狗，最後他媽受不了，破口大罵：『我們家已經有個畜牲了，你還要養！』。。。。。。。。。。。。。。。。。。。。"
happy,走光,"有一天,小花和哥哥一起上街,裙子突然被大風吹起來,小花驚慌的按著揚起的裙子大喊:[天啊!春光外洩了...]哥哥瞪她一眼,說:[拜託,是家醜外揚吧?]"
relax,忠心,"老王到寵物店,想買一隻狗.好不容易先同老闆講定價錢,正要離開o個時,他忽然諗到一個問題,拿拿聲回頭問老闆:「你呢隻狗忠唔忠心o架?」老闆拍心口保證話:「牠當然忠心啦,之前我一共將佢賣出去四次,佢都自己跑返o黎o既!」"
relax,粉紅色的豬,"差點住院兩位網友第一次見，一晚無聊的對話，讓男網友悶得受不了；於是，他暗地安排朋友打電話來餐廳找他…接完電話，他回到座位，很抱歉的對女網友說：「我接到一通電話，說我奶奶剛剛住院了！我得趕快回去處理！」「謝天謝地…」女網友答道「如果你奶奶母再不住院，我奶奶就得住院了。」"
relax,滿分,"學年結束，老師給同學派發了成績表。祖母問：「雯雯，這次數學考試成績如何？」雯雯說：「我考得99分。」祖母興奮地說：「考得不錯啊，只差1分便滿分了！」雯雯苦著臉說：「祖母，是差101分才滿分啊！數學科的滿分是200分&#8943;&#8943;」"
relax,嘻嘻&哈哈,"有兩個人,一個是嘻嘻,一個是哈哈,有一天,哈哈出車禍死了.嘻嘻就在哈哈的葬禮說:[哈哈你死了]..."
happy,我沒看到你,"某甲駕車過十字路口時闖紅燈被警察攔下警察:你沒看到是紅燈嗎?某甲:有啊警察:那你為什麼不停車?某甲:因為我沒看到你......"
happy,自食惡果,tp6rmp4m3的弟弟愛亂用成與他弟弟削了蘋果他弟弟對叔叔說請自食惡果
happy,兔子買紅蘿蔔,"一隻兔子走進電器用品電說:[我要1個紅蘿蔔]老闆笑著說:[我們沒賣紅蘿蔔]地2天兔子又來電器用品點說:[我要1個紅蘿蔔]老闆說:[我沒賣紅蘿蔔]第3天兔子還是來了又說:老闆我要1個紅蘿蔔老闆火大了就說:[你怎樣來3天了就跟你說沒有紅蘿蔔在來問有沒有紅蘿蔔就把你的耳朵剪掉]第三天兔子又來先問:你們有賣剪刀嗎老闆說:[沒有]兔子說:[很好我要1個紅蘿蔔]老闆生氣的說:來人阿快去買一把剪刀來!!!!~~~~!!"
happy,許願,"有一個男子在沙漠中迷路就快渴死時撿到了一盞燈搓了燈後裡面跑出一個精靈精靈說:感謝你救我出來我可以給你三個願望於是他許了三個願望第1.我快渴死了!給我源源不絕的水喝第2.我想離開這裡我要回家~~第3.我好久沒看到女人了想看女人的屁屁~神燈精靈答應了...開始念起咒語咻了一聲那個男子就變成家裡廁所的....馬桶!!"
happy,外國人,有一天有3個外國人分別學了一句國語甲學了:乙學了:我們三個人丙學了：還不快一點有一天他們到餐廳吃飯服務生問：請問要吃甚麼？甲說：法國麵包服務生問：要幾份？乙說：我們三個人服務生問：還有甚麼需要嗎?丙說：還不快一點有天他們犯罪了：你們做了甚麼事情？甲說：法國麵包警察問:誰做了這件事?乙說:我們3個人警察說:我要槍斃你們丙說:還不快一點
relax,加倍的瘋,"某大學的老教授,有一天,沒頭沒腦的問學生說：昨天半夜有一場大雷雨.....誰能從這句話��,猜出來我今年幾歲？學生們你看看我,我看看你,這種風馬牛不相干的怪問話,誰能回答？後來,有位學生說了：66歲！教授很驚訝的說：答對啦！不過,你是怎麼猜出來的？那位學生說：我有位表哥,今年33歲,整天都瘋瘋癲癲的,我看您比他還要加倍的瘋,所以,我就猜您是66歲了！"
happy,恐龍和麒麟消失的原因,"話說挪雅芳州裡的諾亞因為船不夠大,不能裝下太多動物,於是諾亞想出一個主意,除了四大家禽[雞.鴨.豬.鵝.]作評審其他動物只要講出能讓四大家禽全部都笑得出來的笑話,就可以上船,首先第一位∼恐龍,雖然恐龍不太會說話,但他還是講了一個他所知道最好笑的笑話,雞.鴨.鵝.都笑了,唯有豬沒笑,於是,恐龍就絕種了,第二位是麒麟,他很會說笑話,於是講了一個很好笑,很好笑的笑話,雞.鴨.鵝.都笑了,豬還是沒有笑,於是麒麟也被扔到海浬,絕種了,第三位是害羞的鴕鳥,他依上來一直扭扭捏捏得不出聲,大家憋住氣,連針掉到地上都聽的見,這時,豬笑了,大家的目光轉移到豬身上,問:鴕鳥都還沒說,你怎麼笑?豬卻慢條斯理的說:剛才恐龍說的笑話好好笑唷~~三大家禽:#@5r%4"
relax,如何讓手抽筋,"如何讓手抽筋往下往上"
happy,防腐劑,"甲女：我上次暗示男朋友說，女人喜歡能長久保存的東西。結果第二天我就得到一枚鑽戒，你也可以對男朋友如法炮製！乙女：這方法我早用過了，結果第二天我收到了一包防腐劑。。。。。"
relax,用電,"哪國人不需要用電?A:緬甸人"
relax,不准叫媽,"小偉很調皮，和媽媽去逛百貨公司的時候，一會兒叫媽媽要吃冰淇淋，一會而又叫媽媽吵著買玩具，一下子媽媽長媽媽短的，吵的媽媽逛街的興致都磨光了。於是，媽媽不準小偉再叫她媽媽......沒多久，小偉尿急了，但是不敢叫媽媽，於是他只好大叫:「『張太太』!我要尿尿!」"
relax,小YG,"小明有一天上課,老師問他國父叫什麼名字,小明說不知道,老師要他回去問清楚,下次再問他。小明回家後,問他媽媽,媽媽說是孫中山啊!小明怕忘記,於是把孫中山三個字寫在內褲上!第二天,老師沒有問.......第三天,老師也沒問.............第四天,老師還是沒問....................當天晚上,小明媽媽發現小明好幾天沒換內褲了,於是當小明洗澡時,拿了件內褲要他換上。第五天,老師想到了,於是又問小明,國父叫什麼名字?小明想了一下,翻開褲頭,偷看了一下,很大聲的告訴老師:小ＹＧ!!!"
relax,口音,"某鄉區ㄉ鄉長鄭廣播著[兔子ㄇ,蝦米ㄇ,不要醬瓜,鹹菜太貴ㄌ啦]翻譯[同志ㄇ,鄉民ㄇ,不要講話,現在開會ㄌ啦][鹹菜請香腸醬瓜]翻譯[現在請鄉長講話][兔子ㄇ,今天飯狗吃ㄌ,大家都是大王八ㄅ]翻譯[同志ㄇ,今天飯夠吃ㄌㄅ,大家都是大碗ㄅ][不要醬瓜,我檢ㄍ狗屎給你ㄇ舔舔]翻譯[不要醬瓜,我講ㄍ故事給你ㄇ聽聽]投三票ㄅ"
happy,學生ㄉ考卷,"某哲學系老師在期中考時只考了一題申論題：「什麼是勇氣？」就當大家拼了命在想怎麼寫時，有個同學交卷了！不過，他只寫了五個字：「這就是勇氣。」到了期末考，老師依然是只考一題：「這就是題目，請作答。」大家依然不會寫不過那位同學還是很快就交卷了，他寫了：「這就是答案，請給分。」老師氣不過，傳喚了那位同學：「我有兩道題目問你，你若答出第一題就可不必答第二題。」同學：「嗯。」老師：「你的頭髮有幾根？」同學：「一億兩千萬三千六百零一根。」老師：「☉卅☉！？」「你怎麼知道？」同學：「這一題不用回答。」"
happy,你爸媽是什麼士？,"大大：我媽媽是碩士，爸爸是博士。小小：有什麼了不起！大大：你爸媽是什麼士？小小：我爸爸是男士，我媽媽是女士!"
happy,檳榔西施,"有一天,一個人開車來到了一家檳榔店.....那個人便對著性感的檳榔西施說:我可以摸你的奶奶嗎?那位檳榔西施便答應了,他說:好阿!請跟我來...檳榔西施對他的奶奶說:奶奶,有人要來摸你了!"
happy,教育水準提高,"小馬和小虎一起去打獵，看到樹上有很多鳥，小虎就用英語大聲叫「Therearebirdsonthetree，shotthemquickly」鳥聽見了，馬上逃去。小馬說：「真是可惜！」小虎說：「我唯恐小鳥懂本國語，特地用英語，沒想到現在連鳥的教育水準都提高了。」"
relax,半途而廢,學生:媽媽你常說我半途而廢我一定要改掉!媽媽:那真是太好了!學生:所以我一定要把連續劇看完!
relax,蜈蚣生小孩,"蜈蚣要生小孩,它對醫生說，看到小孩的腳要腳出來了、說，醫生說，準備，腳出來了、腳出來了.......版權所有翻譯必究"
relax,阿伯學英文,"有一個阿伯去學英文，他在第一堂課上學會了hello和26個字母。下課後，他看到一個外國人，很興奮的跑上去跟他說：「hello,abcdef.......。」那個外國人說:「你好，ㄅㄆㄇㄈㄉㄊㄋㄌ.......。」"
happy,洗手,"數學段考完畢結束後……阿平跟ㄚ寶一起走到洗手間....ㄚ平：ㄚ寶啊……你在幹什麼啊？為什麼拼命在洗手啊！ㄚ寶：對不起！我下次再也不幹了！ㄚ平：你在說什麼啊？ㄚ寶：我？！我在金盆洗手啊！我下次再也不作弊了！每次都allpass！真是對不起老師！"
happy,龜兔後傳,"古龍同學交的作文《天涯﹒龜兔﹒跑》那一天農歷上寫著:初四日,驚蟄,宜賽跑,不宜撇條.在跑場外,烏龜笑得很開心.一隻動物除非有吃不完的食物才有這種笑容.但是烏龜不是,他的笑是因為他做了一件他自己都不相信能夠做到的事.同時也是天下沒有多少動物能夠相信他能做到的事.他跑步贏了兔子.在江湖最有名的廚師狗剩編撰的《動物名腿譜》中,關於兔子的資料是這樣的:名字:兔子.特長:跑步,排名為世界三十名.烏龜不可能跑贏他.性格:蹦蹦跳跳真可愛.缺點:愛打地洞.腿部特點:紅燒為上上之選,清蒸亦可.烏龜的笑容更加開心了,因為他看到了兔子就在前面不遠處.一隻動物看到他打敗的敵人時,總是很開心的.烏龜也不能例外.但是烏龜的瞳孔突然收縮了,臉上露出了難以置信的神色.因為他看到了一件不可能的事情,如果不是在他面前發生的,大概他死也不會相信.他看到兔子在笑,而且笑得比他還要開心!烏龜突然變得面無表情,對兔子說:「你輸了.」兔子:「哦?」烏龜:「你輸給了一隻你不能輸的動物.」兔子:「哦?」烏龜:「你知不知道你輸了會有什麼後果?」兔子:「不知道.」烏龜:「你知不知道現在排名世界第三十的能跑動物已經變成我了?」兔子:「不知道.」烏龜:「你為什麼不知道?」兔子突然咧開三瓣嘴笑得更加開心:「因為我想你不知道一件事情.」烏龜:「是什麼事情?」兔子抖了抖耳朵,平靜的說:「你知不知道這次比賽,是誰跑得慢誰就贏的?」烏龜的臉色突然變得十分蒼白,沒有一絲血色."
relax,現代小孩的國文程度（笑小聲一點！）,"什麼東東〔作文篇_1〕．元旦時，我們全家一起到歷史博物館參觀「冰馬桶」…師評：有這樣的東東嗎？我也要去！（兵馬俑）．早上起床整裡「遺容」後，我們到學校集合，搭車前往墾丁畢業旅行師評：不知道你家是哪一家殯儀館？老師一直都不知道…(儀容）．昨晚左眼皮跳個不停，當時就覺得那是「胸罩」，果然今天皮夾被扒走了師評：孩子，你已經這麼大了嗎？（凶兆）什麼東東〔作文篇_2〕．報上說重金屬污染過的牡蠣，可「治」癌…師評：一字之差，養蚵人家翻身矣！我是不是該趕快去養牡蠣？會賺到翻哦…（致癌）．昨晚我和同學到速食店吃晚餐，我們點了兩個漢堡、「雞份一塊」…師評：好吃嗎？雞糞？（雞塊一份）．星期天準備外出逛街時，匆忙之間不小心給「肛門」夾到，真倒楣師評：老師很好奇──誰的肛門這麼大…？（鋼門）什麼東東〔作文篇_3〕．四下無人，不要從背後拍我肩膀，我很容易「受精」…師評：孩子，我可能是你爸哦…　老師記得曾這樣讓很多人「受精」。（受驚）．逛完花市後，我花錢買下「賤男」，準備帶回家過年。師評：發音正確一點，「劍蘭」會哭的…．我的歷史老師長髮披肩，個子矮小，脾氣不好，有一點點「胸」…師評：歷史老師要我轉告你「等下上歷史課，皮給我繃緊一點。」（兇）什麼東東〔作文篇_4〕．我認為自己是個品學兼「憂」的好學生…師評：你是該憂了──不及格。（優）</FONT>．在「崎嶇坎坷」的人生「康莊大道」上，我們要堅定方向…師評：此路可繼世界八大奇蹟兵馬俑之後，登上第九大奇蹟。．從小就住在我們家隔壁的陳伯伯住家三樓最後面一間廚房不知道為什麼會三不五時地飄來一陣又一陣烹煮紅燒牛肉時所散發出來的濃濃迷人中藥味道…師評：明天麻煩你一口氣唸完這句給我聽，不准換氣。"
happy,不能說的祕密,"兩隻青蛙相愛.結婚後卻生了一隻癩蛤蟆公青蛙見狀大怒:你說!這是怎麼回事?母青蛙哭著說:我一直不敢告訴你.我本來是隻癩蛤蟆.[認識你之前我整過容......"
happy,<為什麼要在別人家洗澡>,"這一天參加同學會,來了不少人…每個人嘰嘰喳喳的~~好不熱鬧!過年的氣氛猶在…大家應景的打牌~~摸麻將...不知不覺竟也已是七點...大伙開始走人...掰阿~~改天見~~最後,剩下幾個人還在...有人提議~~去夜市吃個東西吧!也沒有人反對~~六個人三男三女就這麼出發了...我永遠記得那天我吃了”火焰山”牛排~~的雞排.雖不好吃但肚子又餓也只能吃了它~~夜市並不長~~但也足以逛上半個鐘頭~~後來終於逛到出口…這時候……我的肚子忽然一陣""絞""痛!!!真ㄉ只差沒在地上打滾~~~>""<我只好把身體傾45度降低痛苦~~順便左腳在前緊緊靠近右腿做憋尿狀~~額頭開始冒出冷汗~~遠遠看火焰山的招牌似乎在對我奸笑~~難...難不成~~是牛排~~~!!我貼心的同學們終於發現了我的異狀~~當我坦承相對時~~他們竟對我拳打腳踢!一點同學愛都沒有^^!!就在這個時候的這個地方~~我看到了天使~~~只是她不會飛~~她說:很痛嗎??要不要去我家???不方便提到名字以下稱她為~~元智妹~~喔!對喔!差點忘了,她家就在附近@@但我還是有少男的矜持~~說:不...不用了…我還撐得住!!那元智妹說:那算了!女人喔…翻臉比翻書還快…呃~~想想還真的有點急~~那…你家有人在嗎??我爸我媽我哥而已~~~~元智妹天真的說~~隱約有等著看好戲的意思!還而已勒?全家都到了嘛!!那..真的不用了~~特地到人家家中去大便~~多尷尬阿~~但我的大便完全不這麼想~~她們只想出來透透氣~~無情衝撞我的X??..看不懂喔~~菊花拉!!我終於知道半推半就是什麼感覺…推著推著也就來到她家門前了…來ㄅ~~元智妹說著就進去了~~~爸~媽~智華要來大便!!啥米阿!!她這麼直接喔!!可以說同學來玩阿…我停在門口不知該前進還是後退就被我後面的人給推進來了…..ㄜ..伯父.伯母好!…只見伯父伸出食指說:廁所在那!!喔…謝啦…我依然故作鎮定若無其事瀟灑的走向廁所~當我關上門的那一瞬間就完全就不是那麼一回事了….脫掉褲子!坐上馬桶!!普普參差西嚕嚕(大便時的聲音)!!!喔~~~~~~~~~夭受..汙告爽!!痛那麼久卻大沒幾秒!!我得意的看著馬桶~~這可是歷年來少有的佳作!!有大有小有固體有液體還有玉米!!滿滿蓋住馬桶看不到一絲絲乾淨的水~~說實在~~我還真不捨的沖掉~我只好把頭撇過去…左手(右手在擦屁股)懺抖得按下把手…聽見沖水聲時我彷彿聽見大便再說~~不~~主人~~不要阿~~~但是我沒有辦法..眼淚也不聽使喚流了出來…但是….沖水聲只出現一下下就不見了…取代的是……股魯魯尬尬暇~~突然…水沒了…挖哩勒…我十分緊張狂按把手...但沒有一點點回應….我腦袋裡突然閃過兩個字…完了...大便不安分的躺在馬躺裡看著我~~是的大便在笑我!!我搜尋著四下卻沒有通馬桶的那隻?天真要亡我?這時候聽到外面的電視傳來~~司林八地ㄟ代理權不能交給正文!!刑素蘭~~你!!是台灣霹靂火阿~~等等..我要冷靜…如果是劉文聰他會怎麼做??挖靠!!我哪知道阿!!我拿起了瓢子裝水倒到馬桶的水箱裡…ㄟ...好像滿了我充滿期待的再按下版手…挖!!好多水阿…我的心情真ㄉ雀躍到極點!!!你們知道那種感覺ㄇ?可是…事情絕對不是我這憨人想的這那麼簡單的…水一直不停的灌進去...也開始繳動起大便來了…這景象你們一定要看看!!大便旋渦阿!!!救人喔…結果...大便一點都沒少…糟的是…水已經滿到一坐上去會沾到屁股的高水位…一大坨混濁..惡臭...隱隱約約還浮出氣泡跟沼澤簡直沒兩樣…我猜…馬桶塞住了…外面也開始騷動…呀....他會不會太久了??ㄟㄟㄟ...她們不知道我正面臨人生重大危機ㄇ!!我..我..我..這……我不好意思直接說..畢竟廁所就在客廳旁..講太大聲怕被聽到…我想到了一個好主意…我悄悄打起電話..CALL給元智妹….喂!!你白痴阿..打什麼電話!!噓噓..小聲一點拉..你家馬桶…好像塞住哩…啊~~!?我在廁所可以清楚聽到元智妹的尖叫聲!!聲音還不停的迴盪整間屋子…你..等等..她說:我拿著手機不安的走來走去…過一會兒..她又說了..我把通馬桶的工具放在門口..你自己看著辦吧??我如獲賜寶的開始通了起來…但是我完全看不到那個洞..太黑了…憑藉著經驗及技術..我還是找到了….我僑好位置..深呼吸一口氣~~一拔...............我想我一輩子都忘不了…我拔起來那一瞬間…大便和水飛了起來…碰得一聲…我直覺反應頭往右甩..等我張開眼睛……ㄏㄏ…馬桶裡的大便少很多了是沒錯…但是..........................................其它的都在牆上…地上…衣服上...天花板上……還有我的臉上……眼前所見皆是大便…去你媽的數大便是美>""元智妹聞聲而來~~~啊啊啊啊~~~~媽~~爸~~~她不過看了一眼就落荒而逃…天呀!..可憐的我手裡還拿著一支通馬桶的…腦袋完全是空白的…終於…我保持著這個姿勢…直到她爸..她媽…我的同學們來看這個奇景………當天..她媽媽留我下來洗澡…其實是叫我洗廁所………我洗了有生以來最乾淨…最久的一次澡...走出她們家的時候…我可以感覺她爸、她媽、還有她、還有沒良心的國中同學...每個都憋著笑憋到快內傷…隔天..她媽媽親自送我ㄉ衣服來我家...我媽覺得奇怪…問我…為什麼要在別人家洗澡???我回答說:呃...........嘿..嘿..嘿..ㄏㄏㄏ.呵呵呵…"
happy,泰國人,"有一個泰國人到小吃店吃飯,點完菜後說三碗豬腳(台語＝泰語的謝謝),後來服務生拿了三碗豬腳,泰國人:我沒有點三碗豬腳啊!服務員:你剛才不是說要三碗豬腳嗎(台語)?泰國人:......"
relax,親吻全過程,"女：噢，請你不要吻我…………女：噢，請你不要吻…………女：噢，請你不要…………女：噢，請你不…………女：噢，請你…………女：噢，請…………女：噢…………"
happy,踩到鴿子,"有ㄧ天,有一位神帶來了3個女人,就教他們走過鴿子身旁並說:不准採到鴿子第一位了過去但她採到鴿子了所以神就叫了一個醜男跟她綁在一起第二個人也走了過去不信ㄉ她也採到了神也把她跟醜男綁在一起第三個人幸運ㄉ沒採到鴿子神就帶了帥哥跟她綁在一起她問怎ㄇ回是ㄚ...男ㄉ說我不知道耶但我採到一隻鴿子"
happy,多少錢?,"老師問大雄:你有50元,胖虎給你20元,你現在有幾元?大雄說:0元老師說:你根本不懂數學!大雄說:你根本不懂胖虎!"
happy,耶穌,"有一對兄弟在晚上時媽媽請他們出去拿掃把,但外面很黑所以他們不敢出去拿,媽媽就說:外面有耶穌保護你們,所以不用害怕此時,弟弟就對著外面大喊:耶穌如果&#31074;在,那請&#31074;幫我把掃把拿過來!"
relax,蟑螂,有一天小蟑螂在看電視突然有一個聲音說你看到一隻蟑螂等於會有更多隻蟑螂小蟑螂就跟媽媽說我們家有很多蟑螂媽媽說廢話我們不是蟑螂嗎
relax,坐在樹上被看內褲,"有一天小明跟小美說:你坐在樹上我給你20元回家時小美跟媽媽說:媽媽小明今天跟我說，只要坐在樹上就有20元媽媽聽了嚇一跳說:他是想看你的內褲，以後不要被他騙第二天小明再次跟小美說你坐在樹上我給你30元結果爬下樹之後小明給小美50元回到家小美跟媽媽說:媽媽今天小明叫我爬到樹上給我30元結果他給我50元耶媽媽說:不是跟你說過他是想要看你的內褲小美說:可是我今天沒穿內褲耶媽媽說:......"
happy,微軟術語,"阿甲在班上是出了名的電腦迷。這天上電腦課，偷玩電腦的他被老師抓個正著…師：「上我的課敢偷玩？你是都會了是不是？這題你來做！」甲：「ㄟ…　這個程式沒有回應，可能是正在忙碌中，或已經停止執行。」師：「不會？啊你是不會找課本啊？」甲：「遺失捷徑，正在搜尋.....」師：「連課本都不帶？我這題教很多次了，你以前都在幹嘛？」甲：「執行螢幕保護程式…」師：「好！原來都在睡覺是吧！給我出去跑操場二十圈！」甲：「系統資源嚴重不足…」師：「快點去！」甲：「這個程式作業無效，即將關閉…」師：「　…　」"
happy,小甜甜布蘭妮,"國語課，老師隨手叫了小貞：「來，用『小甜甜布蘭妮』造句。」小貞：「有一天安東尼跟小甜甜吵架，他說：『小甜甜不然妳是要怎樣？』」"
